location,Y,time
albuquerque,6954,1
albuquerque,9610,2
albuquerque,10286,3
albuquerque,8403,4
albuquerque,4873,5
albuquerque,3914,6
albuquerque,5145,7
albuquerque,7089,8
albuquerque,9373,9
albuquerque,10074,10
albuquerque,8690,11
albuquerque,5610,12
albuquerque,3531,13
albuquerque,4512,14
albuquerque,6381,15
albuquerque,9940,16
albuquerque,10455,17
albuquerque,8207,18
albuquerque,5064,19
albuquerque,3652,20
albuquerque,4708,21
albuquerque,6932,22
albuquerque,9458,23
albuquerque,10441,24
albuquerque,9052,25
albuquerque,5623,26
albuquerque,3778,27
albuquerque,4653,28
albuquerque,7142,29
albuquerque,9479,30
albuquerque,9861,31
albuquerque,8230,32
albuquerque,5163,33
albuquerque,3814,34
albuquerque,4526,35
albuquerque,7053,36
albuquerque,9333,37
albuquerque,10920,38
albuquerque,8381,39
albuquerque,5675,40
albuquerque,3631,41
albuquerque,4349,42
albuquerque,7170,43
albuquerque,9505,44
albuquerque,10776,45
albuquerque,8032,46
albuquerque,5182,47
albuquerque,4004,48
albuquerque,4463,49
albuquerque,7762,50
albuquerque,9734,51
albuquerque,10894,52
albuquerque,7949,53
albuquerque,5070,54
albuquerque,3885,55
albuquerque,3764,56
albuquerque,6941,57
albuquerque,10064,58
albuquerque,10534,59
albuquerque,8509,60
albuquerque,5359,61
albuquerque,3677,62
albuquerque,4459,63
albuquerque,6802,64
albuquerque,9825,65
albuquerque,10708,66
albuquerque,8439,67
albuquerque,5514,68
albuquerque,3761,69
albuquerque,4452,70
albuquerque,7264,71
albuquerque,9409,72
albuquerque,10225,73
albuquerque,8358,74
albuquerque,5223,75
albuquerque,3077,76
albuquerque,3310,77
albuquerque,7359,78
albuquerque,9248,79
albuquerque,10854,80
albuquerque,8728,81
albuquerque,5372,82
albuquerque,3801,83
albuquerque,4414,84
albuquerque,6669,85
albuquerque,9709,86
albuquerque,10090,87
albuquerque,8702,88
albuquerque,5279,89
albuquerque,3587,90
atlanta,7758,1
atlanta,7613,2
atlanta,8697,3
atlanta,7690,4
atlanta,6165,5
atlanta,4406,6
atlanta,4834,7
atlanta,5957,8
atlanta,7878,9
atlanta,9196,10
atlanta,6898,11
atlanta,5219,12
atlanta,4463,13
atlanta,4101,14
atlanta,7506,15
atlanta,9228,16
atlanta,8122,17
atlanta,7143,18
atlanta,4224,19
atlanta,3735,20
atlanta,5092,21
atlanta,6361,22
atlanta,8795,23
atlanta,8150,24
atlanta,8124,25
atlanta,5206,26
atlanta,4186,27
atlanta,4605,28
atlanta,5875,29
atlanta,7880,30
atlanta,9562,31
atlanta,7898,32
atlanta,6116,33
atlanta,4363,34
atlanta,4739,35
atlanta,5617,36
atlanta,8381,37
atlanta,8997,38
atlanta,8779,39
atlanta,5910,40
atlanta,5050,41
atlanta,4997,42
atlanta,6193,43
atlanta,8601,44
atlanta,9147,45
atlanta,7139,46
atlanta,5302,47
atlanta,4062,48
atlanta,5568,49
atlanta,5416,50
atlanta,9218,51
atlanta,8482,52
atlanta,6894,53
atlanta,6189,54
atlanta,4594,55
atlanta,5369,56
atlanta,7050,57
atlanta,9702,58
atlanta,9330,59
atlanta,7583,60
atlanta,5715,61
atlanta,4884,62
atlanta,4216,63
atlanta,6226,64
atlanta,8359,65
atlanta,7820,66
atlanta,7750,67
atlanta,4451,68
atlanta,4209,69
atlanta,5148,70
atlanta,6326,71
atlanta,9485,72
atlanta,8185,73
atlanta,8347,74
atlanta,5903,75
atlanta,3206,76
atlanta,6195,77
atlanta,6560,78
atlanta,8037,79
atlanta,8215,80
atlanta,7547,81
atlanta,5448,82
atlanta,4237,83
atlanta,4489,84
atlanta,6955,85
atlanta,8314,86
atlanta,7916,87
atlanta,7587,88
atlanta,4178,89
atlanta,4380,90
austin,11855,1
austin,15408,2
austin,16997,3
austin,13721,4
austin,9891,5
austin,7937,6
austin,8107,7
austin,13518,8
austin,15224,9
austin,17013,10
austin,14267,11
austin,9729,12
austin,8085,13
austin,9456,14
austin,12135,15
austin,16434,16
austin,17143,17
austin,14756,18
austin,10090,19
austin,7346,20
austin,8494,21
austin,12400,22
austin,15989,23
austin,14947,24
austin,14118,25
austin,10515,26
austin,7898,27
austin,9805,28
austin,12555,29
austin,16515,30
austin,16292,31
austin,14768,32
austin,11532,33
austin,8992,34
austin,8165,35
austin,12090,36
austin,15376,37
austin,16777,38
austin,14596,39
austin,9830,40
austin,8136,41
austin,7527,42
austin,13257,43
austin,15261,44
austin,16479,45
austin,13910,46
austin,11195,47
austin,6137,48
austin,8905,49
austin,12192,50
austin,15301,51
austin,17628,52
austin,13513,53
austin,10938,54
austin,8334,55
austin,9784,56
austin,11806,57
austin,15109,58
austin,17195,59
austin,14416,60
austin,9344,61
austin,7718,62
austin,9182,63
austin,12841,64
austin,15146,65
austin,14436,66
austin,14483,67
austin,9567,68
austin,6701,69
austin,6968,70
austin,12825,71
austin,15702,72
austin,16285,73
austin,15079,74
austin,10845,75
austin,9201,76
austin,7958,77
austin,12241,78
austin,14501,79
austin,16283,80
austin,13952,81
austin,10838,82
austin,8121,83
austin,9345,84
austin,12749,85
austin,17096,86
austin,16224,87
austin,13476,88
austin,10576,89
austin,7537,90
baltimore,7460,1
baltimore,10540,2
baltimore,10325,3
baltimore,8221,4
baltimore,4616,5
baltimore,3561,6
baltimore,4754,7
baltimore,6724,8
baltimore,9789,9
baltimore,11553,10
baltimore,8890,11
baltimore,5495,12
baltimore,2435,13
baltimore,4296,14
baltimore,6358,15
baltimore,9257,16
baltimore,10472,17
baltimore,8239,18
baltimore,5103,19
baltimore,2286,20
baltimore,4462,21
baltimore,7584,22
baltimore,8772,23
baltimore,11262,24
baltimore,8105,25
baltimore,5746,26
baltimore,3104,27
baltimore,3908,28
baltimore,6802,29
baltimore,10655,30
baltimore,9940,31
baltimore,8951,32
baltimore,5892,33
baltimore,3572,34
baltimore,5277,35
baltimore,6597,36
baltimore,10504,37
baltimore,10616,38
baltimore,9324,39
baltimore,5231,40
baltimore,2914,41
baltimore,4669,42
baltimore,6619,43
baltimore,9091,44
baltimore,10371,45
baltimore,8957,46
baltimore,6065,47
baltimore,3211,48
baltimore,4677,49
baltimore,6103,50
baltimore,9669,51
baltimore,10507,52
baltimore,8520,53
baltimore,5286,54
baltimore,3557,55
baltimore,3626,56
baltimore,6995,57
baltimore,9906,58
baltimore,10127,59
baltimore,8521,60
baltimore,5150,61
baltimore,3046,62
baltimore,3910,63
baltimore,6957,64
baltimore,9675,65
baltimore,11438,66
baltimore,7892,67
baltimore,4806,68
baltimore,4802,69
baltimore,3272,70
baltimore,6105,71
baltimore,10371,72
baltimore,9441,73
baltimore,8448,74
baltimore,6514,75
baltimore,2224,76
baltimore,2710,77
baltimore,6018,78
baltimore,10468,79
baltimore,11349,80
baltimore,8283,81
baltimore,5643,82
baltimore,3973,83
baltimore,4956,84
baltimore,6765,85
baltimore,8561,86
baltimore,10190,87
baltimore,8334,88
baltimore,5081,89
baltimore,3033,90
boston,13390,1
boston,15202,2
boston,15798,3
boston,14845,4
boston,12354,5
boston,10318,6
boston,9325,7
boston,12472,8
boston,16007,9
boston,14731,10
boston,15378,11
boston,12769,12
boston,10541,13
boston,11471,14
boston,13686,15
boston,15516,16
boston,15236,17
boston,15233,18
boston,13017,19
boston,9707,20
boston,10131,21
boston,13242,22
boston,15176,23
boston,16249,24
boston,15394,25
boston,10580,26
boston,11568,27
boston,10801,28
boston,13674,29
boston,16007,30
boston,16643,31
boston,14629,32
boston,12275,33
boston,10706,34
boston,10652,35
boston,12160,36
boston,14781,37
boston,16083,38
boston,14063,39
boston,11555,40
boston,11714,41
boston,11645,42
boston,13165,43
boston,16042,44
boston,15872,45
boston,14662,46
boston,12373,47
boston,10235,48
boston,10615,49
boston,14149,50
boston,16004,51
boston,14649,52
boston,14142,53
boston,11557,54
boston,10099,55
boston,11647,56
boston,13346,57
boston,14667,58
boston,15897,59
boston,14949,60
boston,11932,61
boston,10084,62
boston,11293,63
boston,14412,64
boston,15902,65
boston,17020,66
boston,14203,67
boston,12073,68
boston,10494,69
boston,11151,70
boston,13627,71
boston,14981,72
boston,16584,73
boston,13502,74
boston,11187,75
boston,11938,76
boston,10732,77
boston,13820,78
boston,16727,79
boston,14609,80
boston,15339,81
boston,12511,82
boston,11608,83
boston,10284,84
boston,14301,85
boston,15101,86
boston,16856,87
boston,14564,88
boston,12592,89
boston,10546,90
charlotte,10489,1
charlotte,12874,2
charlotte,15427,3
charlotte,12035,4
charlotte,9106,5
charlotte,7141,6
charlotte,8208,7
charlotte,11987,8
charlotte,13219,9
charlotte,14397,10
charlotte,12670,11
charlotte,8997,12
charlotte,7334,13
charlotte,8527,14
charlotte,10628,15
charlotte,13681,16
charlotte,14330,17
charlotte,12549,18
charlotte,9596,19
charlotte,7824,20
charlotte,9251,21
charlotte,9602,22
charlotte,13773,23
charlotte,13827,24
charlotte,12397,25
charlotte,9940,26
charlotte,8153,27
charlotte,8877,28
charlotte,11701,29
charlotte,13770,30
charlotte,15316,31
charlotte,13465,32
charlotte,9540,33
charlotte,8142,34
charlotte,8229,35
charlotte,11795,36
charlotte,13777,37
charlotte,14234,38
charlotte,12001,39
charlotte,9372,40
charlotte,7553,41
charlotte,7697,42
charlotte,10900,43
charlotte,13580,44
charlotte,13982,45
charlotte,13163,46
charlotte,10118,47
charlotte,8064,48
charlotte,8161,49
charlotte,11023,50
charlotte,13291,51
charlotte,14786,52
charlotte,12696,53
charlotte,10998,54
charlotte,8094,55
charlotte,8376,56
charlotte,11013,57
charlotte,14403,58
charlotte,14069,59
charlotte,13219,60
charlotte,8879,61
charlotte,7205,62
charlotte,7216,63
charlotte,11366,64
charlotte,13998,65
charlotte,14260,66
charlotte,12104,67
charlotte,10208,68
charlotte,7436,69
charlotte,7793,70
charlotte,12071,71
charlotte,13510,72
charlotte,15176,73
charlotte,11984,74
charlotte,9274,75
charlotte,7778,76
charlotte,8175,77
charlotte,11166,78
charlotte,13573,79
charlotte,13701,80
charlotte,13395,81
charlotte,9208,82
charlotte,7663,83
charlotte,8585,84
charlotte,11201,85
charlotte,13482,86
charlotte,15187,87
charlotte,12882,88
charlotte,9572,89
charlotte,7602,90
chicago,5989,1
chicago,9069,2
chicago,10212,3
chicago,7674,4
chicago,3861,5
chicago,808,6
chicago,1302,7
chicago,5504,8
chicago,9360,9
chicago,10305,10
chicago,8169,11
chicago,2922,12
chicago,1250,13
chicago,1949,14
chicago,6009,15
chicago,9415,16
chicago,10507,17
chicago,7301,18
chicago,3226,19
chicago,849,20
chicago,2117,21
chicago,5217,22
chicago,9450,23
chicago,10506,24
chicago,7314,25
chicago,3628,26
chicago,411,27
chicago,1580,28
chicago,5453,29
chicago,9297,30
chicago,10558,31
chicago,7739,32
chicago,3281,33
chicago,409,34
chicago,1766,35
chicago,6211,36
chicago,9632,37
chicago,10919,38
chicago,7316,39
chicago,3472,40
chicago,276,41
chicago,1119,42
chicago,5350,43
chicago,10011,44
chicago,10903,45
chicago,7904,46
chicago,2864,47
chicago,601,48
chicago,1759,49
chicago,5679,50
chicago,8918,51
chicago,10240,52
chicago,7794,53
chicago,3608,54
chicago,0,55
chicago,1592,56
chicago,5667,57
chicago,9887,58
chicago,10810,59
chicago,8026,60
chicago,3127,61
chicago,0,62
chicago,1509,63
chicago,5977,64
chicago,10083,65
chicago,10817,66
chicago,7971,67
chicago,3552,68
chicago,471,69
chicago,1604,70
chicago,6217,71
chicago,9242,72
chicago,11142,73
chicago,7701,74
chicago,3892,75
chicago,165,76
chicago,1861,77
chicago,5351,78
chicago,9072,79
chicago,10640,80
chicago,8180,81
chicago,3111,82
chicago,132,83
chicago,1617,84
chicago,5585,85
chicago,9779,86
chicago,10903,87
chicago,7795,88
chicago,4083,89
chicago,752,90
columbus,11284,1
columbus,12963,2
columbus,13959,3
columbus,13088,4
columbus,10445,5
columbus,8934,6
columbus,9732,7
columbus,11731,8
columbus,13369,9
columbus,14322,10
columbus,12330,11
columbus,10417,12
columbus,9304,13
columbus,9797,14
columbus,11561,15
columbus,13017,16
columbus,14615,17
columbus,12511,18
columbus,10541,19
columbus,9405,20
columbus,9474,21
columbus,11564,22
columbus,13206,23
columbus,14011,24
columbus,12498,25
columbus,10591,26
columbus,8882,27
columbus,9413,28
columbus,11117,29
columbus,13195,30
columbus,13073,31
columbus,12489,32
columbus,10339,33
columbus,9258,34
columbus,9688,35
columbus,11941,36
columbus,14233,37
columbus,14238,38
columbus,12443,39
columbus,10352,40
columbus,9484,41
columbus,9145,42
columbus,11447,43
columbus,13344,44
columbus,14064,45
columbus,12778,46
columbus,10273,47
columbus,9081,48
columbus,9813,49
columbus,11295,50
columbus,13797,51
columbus,14072,52
columbus,12639,53
columbus,10630,54
columbus,9064,55
columbus,9477,56
columbus,11413,57
columbus,13575,58
columbus,13944,59
columbus,12452,60
columbus,10742,61
columbus,9156,62
columbus,9456,63
columbus,11626,64
columbus,13100,65
columbus,13351,66
columbus,12584,67
columbus,10300,68
columbus,9131,69
columbus,9370,70
columbus,11926,71
columbus,13211,72
columbus,13745,73
columbus,12704,74
columbus,10075,75
columbus,8756,76
columbus,9793,77
columbus,11406,78
columbus,13135,79
columbus,14070,80
columbus,12330,81
columbus,10421,82
columbus,8930,83
columbus,9769,84
columbus,11964,85
columbus,12834,86
columbus,13916,87
columbus,12854,88
columbus,10375,89
columbus,8856,90
dallas,15054,1
dallas,16706,2
dallas,17819,3
dallas,16066,4
dallas,13359,5
dallas,12439,6
dallas,12331,7
dallas,15234,8
dallas,16100,9
dallas,17868,10
dallas,16042,11
dallas,13582,12
dallas,12645,13
dallas,13018,14
dallas,15421,15
dallas,17421,16
dallas,17445,17
dallas,15463,18
dallas,13398,19
dallas,12239,20
dallas,13295,21
dallas,14552,22
dallas,16597,23
dallas,18172,24
dallas,15836,25
dallas,13353,26
dallas,12652,27
dallas,12742,28
dallas,14099,29
dallas,17285,30
dallas,16911,31
dallas,15908,32
dallas,13628,33
dallas,12386,34
dallas,11705,35
dallas,14611,36
dallas,17325,37
dallas,17889,38
dallas,15405,39
dallas,14109,40
dallas,11904,41
dallas,12587,42
dallas,14618,43
dallas,16831,44
dallas,17760,45
dallas,16015,46
dallas,13600,47
dallas,12744,48
dallas,12379,49
dallas,14736,50
dallas,17263,51
dallas,17531,52
dallas,15660,53
dallas,12926,54
dallas,12425,55
dallas,12002,56
dallas,14671,57
dallas,17352,58
dallas,17564,59
dallas,14903,60
dallas,13759,61
dallas,12119,62
dallas,12150,63
dallas,14937,64
dallas,16540,65
dallas,17038,66
dallas,15947,67
dallas,13357,68
dallas,12321,69
dallas,12481,70
dallas,14512,71
dallas,17261,72
dallas,17806,73
dallas,15056,74
dallas,14025,75
dallas,12954,76
dallas,13526,77
dallas,15027,78
dallas,16265,79
dallas,17580,80
dallas,15464,81
dallas,13495,82
dallas,12460,83
dallas,12378,84
dallas,14217,85
dallas,17005,86
dallas,18181,87
dallas,16491,88
dallas,14005,89
dallas,12750,90
denver,14887,1
denver,17612,2
denver,19698,3
denver,17705,4
denver,12721,5
denver,10193,6
denver,11126,7
denver,13939,8
denver,18936,9
denver,18118,10
denver,16092,11
denver,13170,12
denver,8923,13
denver,8768,14
denver,15942,15
denver,18907,16
denver,20082,17
denver,15861,18
denver,12296,19
denver,9430,20
denver,9594,21
denver,14219,22
denver,17280,23
denver,19206,24
denver,17403,25
denver,11482,26
denver,10732,27
denver,9109,28
denver,14148,29
denver,17946,30
denver,19337,31
denver,17716,32
denver,11295,33
denver,8871,34
denver,10759,35
denver,14427,36
denver,18602,37
denver,18718,38
denver,16578,39
denver,12964,40
denver,7957,41
denver,9692,42
denver,12921,43
denver,18888,44
denver,20446,45
denver,16490,46
denver,11278,47
denver,8457,48
denver,10008,49
denver,14116,50
denver,19183,51
denver,18951,52
denver,16978,53
denver,11831,54
denver,8639,55
denver,9981,56
denver,14619,57
denver,19186,58
denver,19280,59
denver,15684,60
denver,12860,61
denver,8518,62
denver,10448,63
denver,14333,64
denver,18339,65
denver,19095,66
denver,17124,67
denver,9245,68
denver,10124,69
denver,9522,70
denver,14675,71
denver,18744,72
denver,20485,73
denver,16790,74
denver,11417,75
denver,7961,76
denver,9967,77
denver,12808,78
denver,17968,79
denver,19248,80
denver,16090,81
denver,12105,82
denver,9041,83
denver,9984,84
denver,12440,85
denver,17442,86
denver,19986,87
denver,17269,88
denver,10621,89
denver,8584,90
detroit,5827,1
detroit,8019,2
detroit,8241,3
detroit,6704,4
detroit,4865,5
detroit,3878,6
detroit,3253,7
detroit,4897,8
detroit,7333,9
detroit,8210,10
detroit,7215,11
detroit,4064,12
detroit,1918,13
detroit,3453,14
detroit,5568,15
detroit,6997,16
detroit,7695,17
detroit,7213,18
detroit,4633,19
detroit,3429,20
detroit,3535,21
detroit,5269,22
detroit,7424,23
detroit,8363,24
detroit,5956,25
detroit,5471,26
detroit,3551,27
detroit,3439,28
detroit,6105,29
detroit,8268,30
detroit,7922,31
detroit,6635,32
detroit,5387,33
detroit,4374,34
detroit,3741,35
detroit,5054,36
detroit,7366,37
detroit,8648,38
detroit,6202,39
detroit,4480,40
detroit,3400,41
detroit,3233,42
detroit,6255,43
detroit,7987,44
detroit,9169,45
detroit,7167,46
detroit,4079,47
detroit,3527,48
detroit,4252,49
detroit,6225,50
detroit,7203,51
detroit,7620,52
detroit,6144,53
detroit,5446,54
detroit,3576,55
detroit,3287,56
detroit,5739,57
detroit,7551,58
detroit,7579,59
detroit,6770,60
detroit,4693,61
detroit,4274,62
detroit,3376,63
detroit,4760,64
detroit,7058,65
detroit,7622,66
detroit,6523,67
detroit,4033,68
detroit,3683,69
detroit,3130,70
detroit,5682,71
detroit,8683,72
detroit,8393,73
detroit,6991,74
detroit,5581,75
detroit,3908,76
detroit,4026,77
detroit,5505,78
detroit,7605,79
detroit,8060,80
detroit,6537,81
detroit,4704,82
detroit,3431,83
detroit,3062,84
detroit,6541,85
detroit,7835,86
detroit,7958,87
detroit,6869,88
detroit,5087,89
detroit,2463,90
el paso,12861,1
el paso,14377,2
el paso,15809,3
el paso,12812,4
el paso,10952,5
el paso,9024,6
el paso,11307,7
el paso,12052,8
el paso,13588,9
el paso,14648,10
el paso,12959,11
el paso,11100,12
el paso,10006,13
el paso,10811,14
el paso,12373,15
el paso,14427,16
el paso,14660,17
el paso,12909,18
el paso,10583,19
el paso,9837,20
el paso,10511,21
el paso,12263,22
el paso,13662,23
el paso,14987,24
el paso,14219,25
el paso,11305,26
el paso,9748,27
el paso,10451,28
el paso,11985,29
el paso,13929,30
el paso,15091,31
el paso,13952,32
el paso,11291,33
el paso,9166,34
el paso,10623,35
el paso,13308,36
el paso,14315,37
el paso,14829,38
el paso,13175,39
el paso,11553,40
el paso,9709,41
el paso,10902,42
el paso,12172,43
el paso,14559,44
el paso,14883,45
el paso,14188,46
el paso,11523,47
el paso,10568,48
el paso,10521,49
el paso,12375,50
el paso,14400,51
el paso,14581,52
el paso,13761,53
el paso,11065,54
el paso,10036,55
el paso,10832,56
el paso,13106,57
el paso,14484,58
el paso,15262,59
el paso,13849,60
el paso,11193,61
el paso,10868,62
el paso,10235,63
el paso,12484,64
el paso,15023,65
el paso,15499,66
el paso,13545,67
el paso,11766,68
el paso,9896,69
el paso,10272,70
el paso,11940,71
el paso,14718,72
el paso,15249,73
el paso,13303,74
el paso,11464,75
el paso,11095,76
el paso,10954,77
el paso,12070,78
el paso,14834,79
el paso,14529,80
el paso,12332,81
el paso,11344,82
el paso,10641,83
el paso,11059,84
el paso,12603,85
el paso,14190,86
el paso,15106,87
el paso,13427,88
el paso,11138,89
el paso,10432,90
fort worth,13826,1
fort worth,16707,2
fort worth,17202,3
fort worth,14728,4
fort worth,12488,5
fort worth,10289,6
fort worth,11120,7
fort worth,14175,8
fort worth,16376,9
fort worth,16919,10
fort worth,16122,11
fort worth,11617,12
fort worth,9867,13
fort worth,11808,14
fort worth,13343,15
fort worth,16503,16
fort worth,16975,17
fort worth,14014,18
fort worth,12080,19
fort worth,9472,20
fort worth,11094,21
fort worth,14548,22
fort worth,14961,23
fort worth,16978,24
fort worth,15644,25
fort worth,10578,26
fort worth,11183,27
fort worth,11186,28
fort worth,14532,29
fort worth,16164,30
fort worth,16952,31
fort worth,15197,32
fort worth,13728,33
fort worth,11170,34
fort worth,11005,35
fort worth,13927,36
fort worth,17038,37
fort worth,19019,38
fort worth,15593,39
fort worth,12203,40
fort worth,9962,41
fort worth,11080,42
fort worth,13314,43
fort worth,16937,44
fort worth,16231,45
fort worth,15124,46
fort worth,12705,47
fort worth,10478,48
fort worth,10571,49
fort worth,13573,50
fort worth,17330,51
fort worth,16393,52
fort worth,14436,53
fort worth,11492,54
fort worth,10201,55
fort worth,9920,56
fort worth,14437,57
fort worth,15902,58
fort worth,17439,59
fort worth,14892,60
fort worth,12122,61
fort worth,9040,62
fort worth,11639,63
fort worth,13041,64
fort worth,15798,65
fort worth,19009,66
fort worth,15718,67
fort worth,12871,68
fort worth,10543,69
fort worth,10579,70
fort worth,12789,71
fort worth,16358,72
fort worth,16562,73
fort worth,14645,74
fort worth,11015,75
fort worth,10292,76
fort worth,12056,77
fort worth,14149,78
fort worth,16498,79
fort worth,17246,80
fort worth,13093,81
fort worth,11861,82
fort worth,9169,83
fort worth,11007,84
fort worth,13552,85
fort worth,15942,86
fort worth,17357,87
fort worth,15390,88
fort worth,13277,89
fort worth,10709,90
fresno,6122,1
fresno,10785,2
fresno,11442,3
fresno,8879,4
fresno,4402,5
fresno,1620,6
fresno,2323,7
fresno,6972,8
fresno,10717,9
fresno,11635,10
fresno,8605,11
fresno,3877,12
fresno,1374,13
fresno,2287,14
fresno,6498,15
fresno,10731,16
fresno,11678,17
fresno,9424,18
fresno,3913,19
fresno,1378,20
fresno,2171,21
fresno,5535,22
fresno,10492,23
fresno,11255,24
fresno,8688,25
fresno,4091,26
fresno,1362,27
fresno,2064,28
fresno,6263,29
fresno,10809,30
fresno,11300,31
fresno,8061,32
fresno,4156,33
fresno,1604,34
fresno,2495,35
fresno,6468,36
fresno,11003,37
fresno,11970,38
fresno,8595,39
fresno,4188,40
fresno,1328,41
fresno,2221,42
fresno,6808,43
fresno,10507,44
fresno,11410,45
fresno,7794,46
fresno,3818,47
fresno,760,48
fresno,2237,49
fresno,5962,50
fresno,10776,51
fresno,11979,52
fresno,8701,53
fresno,3752,54
fresno,1327,55
fresno,2922,56
fresno,6966,57
fresno,10063,58
fresno,11076,59
fresno,8110,60
fresno,3698,61
fresno,1314,62
fresno,2054,63
fresno,6109,64
fresno,10928,65
fresno,11774,66
fresno,8108,67
fresno,4448,68
fresno,1404,69
fresno,2438,70
fresno,6204,71
fresno,10494,72
fresno,10888,73
fresno,9019,74
fresno,3747,75
fresno,917,76
fresno,1938,77
fresno,7043,78
fresno,10324,79
fresno,11920,80
fresno,8703,81
fresno,3807,82
fresno,868,83
fresno,2029,84
fresno,6380,85
fresno,10774,86
fresno,11420,87
fresno,8532,88
fresno,3788,89
fresno,803,90
houston,14998,1
houston,19635,2
houston,19511,3
houston,17047,4
houston,12787,5
houston,10085,6
houston,10655,7
houston,14314,8
houston,18972,9
houston,19509,10
houston,17844,11
houston,12770,12
houston,10026,13
houston,11514,14
houston,15103,15
houston,18736,16
houston,19506,17
houston,18539,18
houston,12943,19
houston,10556,20
houston,10674,21
houston,14714,22
houston,19645,23
houston,20315,24
houston,17268,25
houston,12648,26
houston,10033,27
houston,10812,28
houston,14484,29
houston,19173,30
houston,19974,31
houston,17379,32
houston,12665,33
houston,10227,34
houston,10908,35
houston,14654,36
houston,19468,37
houston,19808,38
houston,17288,39
houston,13131,40
houston,10179,41
houston,11176,42
houston,14512,43
houston,18450,44
houston,19384,45
houston,17327,46
houston,12827,47
houston,9770,48
houston,11310,49
houston,15159,50
houston,18530,51
houston,19749,52
houston,17304,53
houston,12458,54
houston,10351,55
houston,11199,56
houston,14546,57
houston,18893,58
houston,19905,59
houston,16838,60
houston,12582,61
houston,9726,62
houston,10902,63
houston,14938,64
houston,18590,65
houston,19171,66
houston,16813,67
houston,12634,68
houston,10450,69
houston,11316,70
houston,15275,71
houston,18513,72
houston,19816,73
houston,16125,74
houston,12969,75
houston,10368,76
houston,10940,77
houston,15060,78
houston,18205,79
houston,19442,80
houston,17391,81
houston,13002,82
houston,9962,83
houston,11402,84
houston,14998,85
houston,18606,86
houston,19688,87
houston,16906,88
houston,12329,89
houston,10625,90
indianapolis,6892,1
indianapolis,11044,2
indianapolis,12221,3
indianapolis,9068,4
indianapolis,6611,5
indianapolis,3583,6
indianapolis,4406,7
indianapolis,8082,8
indianapolis,11524,9
indianapolis,11618,10
indianapolis,9615,11
indianapolis,6265,12
indianapolis,2632,13
indianapolis,3148,14
indianapolis,7332,15
indianapolis,9740,16
indianapolis,11315,17
indianapolis,9360,18
indianapolis,5384,19
indianapolis,3169,20
indianapolis,3532,21
indianapolis,7777,22
indianapolis,10104,23
indianapolis,10372,24
indianapolis,9085,25
indianapolis,6011,26
indianapolis,3286,27
indianapolis,3446,28
indianapolis,7416,29
indianapolis,10895,30
indianapolis,11528,31
indianapolis,9055,32
indianapolis,5785,33
indianapolis,2328,34
indianapolis,3588,35
indianapolis,6674,36
indianapolis,11375,37
indianapolis,11855,38
indianapolis,9292,39
indianapolis,4765,40
indianapolis,3636,41
indianapolis,4790,42
indianapolis,7663,43
indianapolis,10646,44
indianapolis,11813,45
indianapolis,9339,46
indianapolis,6017,47
indianapolis,3720,48
indianapolis,3943,49
indianapolis,7014,50
indianapolis,10454,51
indianapolis,11762,52
indianapolis,9016,53
indianapolis,5134,54
indianapolis,3243,55
indianapolis,4643,56
indianapolis,7433,57
indianapolis,10519,58
indianapolis,11649,59
indianapolis,9239,60
indianapolis,4510,61
indianapolis,3611,62
indianapolis,4274,63
indianapolis,7371,64
indianapolis,11224,65
indianapolis,12119,66
indianapolis,9616,67
indianapolis,5081,68
indianapolis,2814,69
indianapolis,4648,70
indianapolis,6373,71
indianapolis,10586,72
indianapolis,11712,73
indianapolis,8272,74
indianapolis,5653,75
indianapolis,3747,76
indianapolis,3277,77
indianapolis,8236,78
indianapolis,10132,79
indianapolis,11783,80
indianapolis,9151,81
indianapolis,5566,82
indianapolis,2568,83
indianapolis,4724,84
indianapolis,7534,85
indianapolis,11519,86
indianapolis,10817,87
indianapolis,9099,88
indianapolis,5640,89
indianapolis,3276,90
jacksonville,11103,1
jacksonville,13820,2
jacksonville,15054,3
jacksonville,12783,4
jacksonville,9584,5
jacksonville,8847,6
jacksonville,8292,7
jacksonville,11393,8
jacksonville,14362,9
jacksonville,13921,10
jacksonville,13090,11
jacksonville,9385,12
jacksonville,8441,13
jacksonville,8240,14
jacksonville,11710,15
jacksonville,14581,16
jacksonville,15123,17
jacksonville,12980,18
jacksonville,9782,19
jacksonville,7767,20
jacksonville,9414,21
jacksonville,11039,22
jacksonville,13548,23
jacksonville,15028,24
jacksonville,12475,25
jacksonville,9435,26
jacksonville,7349,27
jacksonville,8472,28
jacksonville,11336,29
jacksonville,14165,30
jacksonville,15166,31
jacksonville,13113,32
jacksonville,9801,33
jacksonville,7949,34
jacksonville,8950,35
jacksonville,11989,36
jacksonville,14108,37
jacksonville,14481,38
jacksonville,12380,39
jacksonville,9197,40
jacksonville,8366,41
jacksonville,8983,42
jacksonville,11654,43
jacksonville,13986,44
jacksonville,15385,45
jacksonville,12625,46
jacksonville,10354,47
jacksonville,8026,48
jacksonville,8411,49
jacksonville,11662,50
jacksonville,14245,51
jacksonville,14879,52
jacksonville,12898,53
jacksonville,9875,54
jacksonville,9196,55
jacksonville,9275,56
jacksonville,11724,57
jacksonville,14101,58
jacksonville,15193,59
jacksonville,13108,60
jacksonville,9906,61
jacksonville,7898,62
jacksonville,8665,63
jacksonville,9848,64
jacksonville,14149,65
jacksonville,14472,66
jacksonville,13626,67
jacksonville,9903,68
jacksonville,7472,69
jacksonville,8680,70
jacksonville,10872,71
jacksonville,14276,72
jacksonville,14848,73
jacksonville,13320,74
jacksonville,9512,75
jacksonville,8061,76
jacksonville,8047,77
jacksonville,11714,78
jacksonville,14298,79
jacksonville,14946,80
jacksonville,12859,81
jacksonville,10093,82
jacksonville,8818,83
jacksonville,8567,84
jacksonville,11443,85
jacksonville,13524,86
jacksonville,14289,87
jacksonville,12906,88
jacksonville,10426,89
jacksonville,7921,90
kansas city,5221,1
kansas city,9411,2
kansas city,9919,3
kansas city,6862,4
kansas city,3827,5
kansas city,870,6
kansas city,1788,7
kansas city,5642,8
kansas city,9060,9
kansas city,9706,10
kansas city,7273,11
kansas city,3540,12
kansas city,932,13
kansas city,2550,14
kansas city,4919,15
kansas city,8919,16
kansas city,9274,17
kansas city,7862,18
kansas city,3544,19
kansas city,819,20
kansas city,2385,21
kansas city,4624,22
kansas city,9132,23
kansas city,10342,24
kansas city,7553,25
kansas city,3436,26
kansas city,743,27
kansas city,2547,28
kansas city,5940,29
kansas city,8754,30
kansas city,9618,31
kansas city,7965,32
kansas city,3860,33
kansas city,520,34
kansas city,2024,35
kansas city,5466,36
kansas city,9119,37
kansas city,9874,38
kansas city,7270,39
kansas city,3716,40
kansas city,1068,41
kansas city,3501,42
kansas city,5611,43
kansas city,9011,44
kansas city,10625,45
kansas city,6921,46
kansas city,3598,47
kansas city,862,48
kansas city,2364,49
kansas city,5359,50
kansas city,9255,51
kansas city,10079,52
kansas city,7798,53
kansas city,3857,54
kansas city,1159,55
kansas city,1533,56
kansas city,5974,57
kansas city,9594,58
kansas city,9488,59
kansas city,7780,60
kansas city,3164,61
kansas city,1334,62
kansas city,2272,63
kansas city,5387,64
kansas city,9056,65
kansas city,10218,66
kansas city,7434,67
kansas city,3367,68
kansas city,750,69
kansas city,1945,70
kansas city,5081,71
kansas city,8863,72
kansas city,9681,73
kansas city,7808,74
kansas city,3673,75
kansas city,2293,76
kansas city,1281,77
kansas city,5689,78
kansas city,8833,79
kansas city,9480,80
kansas city,7467,81
kansas city,3600,82
kansas city,1692,83
kansas city,2142,84
kansas city,5278,85
kansas city,9154,86
kansas city,9777,87
kansas city,7019,88
kansas city,3541,89
kansas city,1345,90
las vegas,9357,1
las vegas,12514,2
las vegas,13709,3
las vegas,11241,4
las vegas,6937,5
las vegas,4597,6
las vegas,5335,7
las vegas,8700,8
las vegas,13503,9
las vegas,13792,10
las vegas,11046,11
las vegas,7187,12
las vegas,4320,13
las vegas,5309,14
las vegas,9800,15
las vegas,12698,16
las vegas,13624,17
las vegas,11133,18
las vegas,7223,19
las vegas,3744,20
las vegas,4533,21
las vegas,8790,22
las vegas,12252,23
las vegas,13589,24
las vegas,11260,25
las vegas,6579,26
las vegas,3770,27
las vegas,5201,28
las vegas,9266,29
las vegas,12232,30
las vegas,13997,31
las vegas,11363,32
las vegas,7184,33
las vegas,4638,34
las vegas,5900,35
las vegas,8866,36
las vegas,12824,37
las vegas,13591,38
las vegas,11095,39
las vegas,7374,40
las vegas,3797,41
las vegas,4895,42
las vegas,9435,43
las vegas,13123,44
las vegas,13609,45
las vegas,11375,46
las vegas,6983,47
las vegas,4730,48
las vegas,5202,49
las vegas,9319,50
las vegas,13655,51
las vegas,13924,52
las vegas,11111,53
las vegas,7108,54
las vegas,4118,55
las vegas,5961,56
las vegas,9042,57
las vegas,12699,58
las vegas,13454,59
las vegas,11455,60
las vegas,7156,61
las vegas,4075,62
las vegas,5367,63
las vegas,8488,64
las vegas,12849,65
las vegas,13876,66
las vegas,11655,67
las vegas,6618,68
las vegas,3819,69
las vegas,4884,70
las vegas,8545,71
las vegas,13227,72
las vegas,14236,73
las vegas,11200,74
las vegas,7272,75
las vegas,4282,76
las vegas,5147,77
las vegas,8874,78
las vegas,12686,79
las vegas,13220,80
las vegas,11181,81
las vegas,6858,82
las vegas,4483,83
las vegas,5209,84
las vegas,8930,85
las vegas,12502,86
las vegas,13752,87
las vegas,11337,88
las vegas,6496,89
las vegas,4267,90
los angeles,8560,1
los angeles,12810,2
los angeles,13735,3
los angeles,10090,4
los angeles,6188,5
los angeles,2550,6
los angeles,4337,7
los angeles,7483,8
los angeles,12295,9
los angeles,12987,10
los angeles,10885,11
los angeles,6354,12
los angeles,3027,13
los angeles,4045,14
los angeles,8484,15
los angeles,12866,16
los angeles,13390,17
los angeles,10241,18
los angeles,6134,19
los angeles,2060,20
los angeles,4395,21
los angeles,7819,22
los angeles,12226,23
los angeles,13803,24
los angeles,10281,25
los angeles,6134,26
los angeles,3469,27
los angeles,4019,28
los angeles,8299,29
los angeles,12283,30
los angeles,13427,31
los angeles,9951,32
los angeles,5692,33
los angeles,2328,34
los angeles,3545,35
los angeles,7212,36
los angeles,12463,37
los angeles,14168,38
los angeles,10262,39
los angeles,6284,40
los angeles,3462,41
los angeles,3403,42
los angeles,7691,43
los angeles,12805,44
los angeles,13329,45
los angeles,9869,46
los angeles,5531,47
los angeles,3130,48
los angeles,3594,49
los angeles,6849,50
los angeles,12188,51
los angeles,13259,52
los angeles,10480,53
los angeles,6422,54
los angeles,2958,55
los angeles,4081,56
los angeles,8649,57
los angeles,12344,58
los angeles,14377,59
los angeles,9882,60
los angeles,5391,61
los angeles,3222,62
los angeles,4557,63
los angeles,8059,64
los angeles,11864,65
los angeles,14200,66
los angeles,10104,67
los angeles,5989,68
los angeles,3551,69
los angeles,3760,70
los angeles,7861,71
los angeles,12079,72
los angeles,13796,73
los angeles,10974,74
los angeles,5846,75
los angeles,3818,76
los angeles,3982,77
los angeles,8760,78
los angeles,12136,79
los angeles,14470,80
los angeles,11214,81
los angeles,5770,82
los angeles,3607,83
los angeles,4618,84
los angeles,8883,85
los angeles,11172,86
los angeles,13711,87
los angeles,10731,88
los angeles,6051,89
los angeles,3036,90
louisville,11932,1
louisville,15048,2
louisville,16234,3
louisville,14139,4
louisville,7980,5
louisville,6299,6
louisville,6736,7
louisville,11238,8
louisville,15394,9
louisville,16375,10
louisville,13467,11
louisville,8699,12
louisville,7386,13
louisville,8204,14
louisville,10933,15
louisville,16231,16
louisville,16356,17
louisville,13770,18
louisville,9159,19
louisville,6072,20
louisville,7811,21
louisville,11506,22
louisville,15315,23
louisville,15954,24
louisville,13315,25
louisville,8457,26
louisville,6371,27
louisville,6840,28
louisville,11332,29
louisville,16137,30
louisville,17068,31
louisville,13698,32
louisville,9149,33
louisville,7202,34
louisville,7604,35
louisville,11304,36
louisville,14893,37
louisville,16710,38
louisville,14082,39
louisville,8906,40
louisville,6495,41
louisville,7211,42
louisville,11368,43
louisville,14420,44
louisville,16436,45
louisville,14144,46
louisville,8906,47
louisville,6389,48
louisville,7036,49
louisville,11610,50
louisville,15431,51
louisville,16116,52
louisville,14306,53
louisville,9601,54
louisville,6097,55
louisville,7594,56
louisville,11689,57
louisville,15813,58
louisville,15780,59
louisville,14161,60
louisville,8934,61
louisville,6207,62
louisville,8547,63
louisville,11584,64
louisville,15355,65
louisville,15553,66
louisville,14331,67
louisville,8589,68
louisville,5919,69
louisville,7225,70
louisville,12080,71
louisville,15871,72
louisville,16464,73
louisville,13850,74
louisville,8920,75
louisville,6428,76
louisville,7405,77
louisville,11881,78
louisville,15958,79
louisville,16754,80
louisville,13551,81
louisville,9517,82
louisville,6325,83
louisville,6891,84
louisville,11271,85
louisville,15565,86
louisville,16939,87
louisville,13631,88
louisville,8649,89
louisville,6391,90
memphis,6320,1
memphis,8702,2
memphis,9541,3
memphis,8002,4
memphis,3700,5
memphis,2616,6
memphis,2512,7
memphis,6888,8
memphis,10796,9
memphis,9354,10
memphis,8210,11
memphis,3978,12
memphis,3089,13
memphis,2259,14
memphis,6489,15
memphis,8596,16
memphis,9802,17
memphis,7138,18
memphis,5039,19
memphis,1803,20
memphis,3504,21
memphis,5924,22
memphis,9116,23
memphis,10045,24
memphis,7322,25
memphis,4620,26
memphis,3425,27
memphis,2593,28
memphis,6963,29
memphis,10220,30
memphis,9385,31
memphis,6847,32
memphis,4683,33
memphis,2001,34
memphis,4406,35
memphis,6184,36
memphis,8645,37
memphis,9158,38
memphis,8590,39
memphis,4085,40
memphis,2406,41
memphis,3780,42
memphis,5828,43
memphis,9163,44
memphis,9932,45
memphis,8312,46
memphis,4881,47
memphis,2226,48
memphis,3169,49
memphis,5905,50
memphis,8182,51
memphis,10120,52
memphis,9140,53
memphis,3871,54
memphis,1847,55
memphis,2529,56
memphis,6656,57
memphis,9502,58
memphis,9835,59
memphis,7215,60
memphis,4539,61
memphis,1305,62
memphis,3224,63
memphis,6757,64
memphis,8337,65
memphis,8894,66
memphis,8926,67
memphis,4057,68
memphis,3154,69
memphis,3020,70
memphis,6049,71
memphis,9495,72
memphis,9338,73
memphis,7935,74
memphis,4215,75
memphis,1472,76
memphis,3357,77
memphis,5980,78
memphis,9087,79
memphis,9115,80
memphis,8934,81
memphis,5077,82
memphis,3037,83
memphis,2916,84
memphis,4976,85
memphis,10532,86
memphis,9902,87
memphis,7331,88
memphis,4762,89
memphis,3176,90
mesa,5703,1
mesa,9118,2
mesa,8843,3
mesa,6975,4
mesa,5414,5
mesa,2706,6
mesa,2934,7
mesa,5979,8
mesa,9064,9
mesa,9593,10
mesa,7957,11
mesa,3849,12
mesa,3194,13
mesa,3245,14
mesa,6023,15
mesa,9255,16
mesa,9636,17
mesa,7625,18
mesa,3458,19
mesa,2665,20
mesa,2923,21
mesa,6354,22
mesa,9139,23
mesa,9102,24
mesa,7084,25
mesa,5341,26
mesa,2369,27
mesa,2705,28
mesa,5533,29
mesa,8316,30
mesa,8804,31
mesa,7888,32
mesa,3344,33
mesa,2220,34
mesa,3315,35
mesa,6088,36
mesa,9512,37
mesa,10085,38
mesa,6587,39
mesa,3498,40
mesa,2703,41
mesa,2982,42
mesa,5342,43
mesa,8620,44
mesa,9385,45
mesa,6992,46
mesa,4181,47
mesa,2284,48
mesa,3122,49
mesa,6264,50
mesa,8038,51
mesa,8922,52
mesa,7226,53
mesa,4510,54
mesa,2836,55
mesa,4427,56
mesa,6280,57
mesa,8929,58
mesa,9121,59
mesa,6917,60
mesa,4232,61
mesa,2312,62
mesa,3549,63
mesa,5098,64
mesa,8927,65
mesa,9200,66
mesa,7829,67
mesa,4128,68
mesa,2210,69
mesa,3124,70
mesa,5747,71
mesa,9041,72
mesa,9686,73
mesa,8452,74
mesa,4250,75
mesa,909,76
mesa,3123,77
mesa,6099,78
mesa,8992,79
mesa,9424,80
mesa,7175,81
mesa,5425,82
mesa,2140,83
mesa,3194,84
mesa,5401,85
mesa,8622,86
mesa,10108,87
mesa,7364,88
mesa,4442,89
mesa,1787,90
miami,6823,1
miami,10053,2
miami,11102,3
miami,8158,4
miami,5610,5
miami,3361,6
miami,4907,7
miami,6371,8
miami,10637,9
miami,11590,10
miami,8030,11
miami,4803,12
miami,4385,13
miami,3865,14
miami,8682,15
miami,9361,16
miami,11010,17
miami,8874,18
miami,5505,19
miami,3770,20
miami,4527,21
miami,7165,22
miami,9729,23
miami,11418,24
miami,9176,25
miami,5655,26
miami,3832,27
miami,4643,28
miami,6889,29
miami,10461,30
miami,10674,31
miami,9257,32
miami,5512,33
miami,3839,34
miami,4084,35
miami,7552,36
miami,9746,37
miami,10948,38
miami,9340,39
miami,5819,40
miami,3644,41
miami,5124,42
miami,7719,43
miami,10598,44
miami,11237,45
miami,9248,46
miami,6372,47
miami,3361,48
miami,4755,49
miami,7409,50
miami,10023,51
miami,10885,52
miami,8986,53
miami,5202,54
miami,3957,55
miami,4238,56
miami,7282,57
miami,10832,58
miami,10991,59
miami,9606,60
miami,5358,61
miami,3045,62
miami,4150,63
miami,5934,64
miami,10622,65
miami,10448,66
miami,8597,67
miami,5935,68
miami,3610,69
miami,4080,70
miami,6296,71
miami,10806,72
miami,11267,73
miami,9840,74
miami,5324,75
miami,2879,76
miami,4748,77
miami,7156,78
miami,10493,79
miami,11684,80
miami,9065,81
miami,5679,82
miami,3662,83
miami,3524,84
miami,7758,85
miami,10746,86
miami,11178,87
miami,8180,88
miami,5545,89
miami,4224,90
milwaukee,13823,1
milwaukee,19582,2
milwaukee,20259,3
milwaukee,17420,4
milwaukee,11905,5
milwaukee,8491,6
milwaukee,10204,7
milwaukee,14158,8
milwaukee,19134,9
milwaukee,20125,10
milwaukee,17167,11
milwaukee,12407,12
milwaukee,8781,13
milwaukee,10195,14
milwaukee,14936,15
milwaukee,19062,16
milwaukee,20201,17
milwaukee,17703,18
milwaukee,12102,19
milwaukee,9128,20
milwaukee,10260,21
milwaukee,14263,22
milwaukee,19008,23
milwaukee,20537,24
milwaukee,16511,25
milwaukee,12057,26
milwaukee,8651,27
milwaukee,10471,28
milwaukee,14799,29
milwaukee,19686,30
milwaukee,20393,31
milwaukee,17189,32
milwaukee,12024,33
milwaukee,8777,34
milwaukee,11017,35
milwaukee,14959,36
milwaukee,18902,37
milwaukee,21323,38
milwaukee,17088,39
milwaukee,12241,40
milwaukee,9277,41
milwaukee,9552,42
milwaukee,14392,43
milwaukee,19844,44
milwaukee,20329,45
milwaukee,17575,46
milwaukee,11973,47
milwaukee,8918,48
milwaukee,10705,49
milwaukee,14831,50
milwaukee,19153,51
milwaukee,20170,52
milwaukee,17023,53
milwaukee,12561,54
milwaukee,9217,55
milwaukee,9687,56
milwaukee,14709,57
milwaukee,19249,58
milwaukee,20516,59
milwaukee,17019,60
milwaukee,12511,61
milwaukee,8951,62
milwaukee,10215,63
milwaukee,14407,64
milwaukee,19017,65
milwaukee,21329,66
milwaukee,17853,67
milwaukee,12106,68
milwaukee,9483,69
milwaukee,10507,70
milwaukee,14462,71
milwaukee,19021,72
milwaukee,20639,73
milwaukee,17318,74
milwaukee,11990,75
milwaukee,9202,76
milwaukee,9585,77
milwaukee,14719,78
milwaukee,18842,79
milwaukee,19988,80
milwaukee,16983,81
milwaukee,12256,82
milwaukee,8717,83
milwaukee,9663,84
milwaukee,14845,85
milwaukee,19790,86
milwaukee,20628,87
milwaukee,17853,88
milwaukee,12619,89
milwaukee,8782,90
nashville,5125,1
nashville,7695,2
nashville,8811,3
nashville,6154,4
nashville,3314,5
nashville,883,6
nashville,2505,7
nashville,5450,8
nashville,7355,9
nashville,9369,10
nashville,7828,11
nashville,3539,12
nashville,1218,13
nashville,3402,14
nashville,4593,15
nashville,8091,16
nashville,8884,17
nashville,7343,18
nashville,3671,19
nashville,1278,20
nashville,1813,21
nashville,5004,22
nashville,7659,23
nashville,8828,24
nashville,6539,25
nashville,2890,26
nashville,2017,27
nashville,2003,28
nashville,4614,29
nashville,8012,30
nashville,8837,31
nashville,6042,32
nashville,3659,33
nashville,1047,34
nashville,2933,35
nashville,5369,36
nashville,7915,37
nashville,8494,38
nashville,6733,39
nashville,3777,40
nashville,1477,41
nashville,2122,42
nashville,5173,43
nashville,7829,44
nashville,8663,45
nashville,5899,46
nashville,3929,47
nashville,1614,48
nashville,1887,49
nashville,5947,50
nashville,8120,51
nashville,8372,52
nashville,7137,53
nashville,3687,54
nashville,1654,55
nashville,2034,56
nashville,5338,57
nashville,7973,58
nashville,9042,59
nashville,5975,60
nashville,3337,61
nashville,2213,62
nashville,1890,63
nashville,4894,64
nashville,7894,65
nashville,8296,66
nashville,5847,67
nashville,3422,68
nashville,1545,69
nashville,2191,70
nashville,5087,71
nashville,8101,72
nashville,9238,73
nashville,6697,74
nashville,3278,75
nashville,1370,76
nashville,2457,77
nashville,5742,78
nashville,7819,79
nashville,8850,80
nashville,6919,81
nashville,3101,82
nashville,1497,83
nashville,1596,84
nashville,4403,85
nashville,8237,86
nashville,8646,87
nashville,6862,88
nashville,3512,89
nashville,1077,90
new york,13846,1
new york,16934,2
new york,16923,3
new york,15880,4
new york,12919,5
new york,11027,6
new york,11453,7
new york,13806,8
new york,16355,9
new york,17039,10
new york,15101,11
new york,12800,12
new york,10713,13
new york,12138,14
new york,14594,15
new york,16213,16
new york,16773,17
new york,15559,18
new york,13424,19
new york,11885,20
new york,11158,21
new york,14621,22
new york,16505,23
new york,17099,24
new york,15708,25
new york,12631,26
new york,11708,27
new york,12442,28
new york,14827,29
new york,15696,30
new york,17014,31
new york,14600,32
new york,12502,33
new york,10122,34
new york,11999,35
new york,14264,36
new york,16337,37
new york,16759,38
new york,15621,39
new york,12390,40
new york,10720,41
new york,11249,42
new york,14071,43
new york,16269,44
new york,16944,45
new york,15716,46
new york,13287,47
new york,11868,48
new york,11822,49
new york,14322,50
new york,16619,51
new york,16358,52
new york,15311,53
new york,12684,54
new york,10978,55
new york,11776,56
new york,14064,57
new york,16085,58
new york,17049,59
new york,15189,60
new york,11660,61
new york,10576,62
new york,11835,63
new york,14660,64
new york,15431,65
new york,16723,66
new york,15675,67
new york,13248,68
new york,11019,69
new york,11485,70
new york,14718,71
new york,16894,72
new york,17508,73
new york,15266,74
new york,13355,75
new york,10327,76
new york,12309,77
new york,14134,78
new york,16591,79
new york,16689,80
new york,14655,81
new york,12898,82
new york,11460,83
new york,12114,84
new york,14434,85
new york,16700,86
new york,16699,87
new york,15827,88
new york,12379,89
new york,11713,90
oakland,9974,1
oakland,13564,2
oakland,14215,3
oakland,11886,4
oakland,8411,5
oakland,6844,6
oakland,7307,7
oakland,9882,8
oakland,13670,9
oakland,14320,10
oakland,11493,11
oakland,8985,12
oakland,6779,13
oakland,7832,14
oakland,10957,15
oakland,13361,16
oakland,13912,17
oakland,11795,18
oakland,9399,19
oakland,7409,20
oakland,7968,21
oakland,10385,22
oakland,13113,23
oakland,13742,24
oakland,11682,25
oakland,8735,26
oakland,6873,27
oakland,7533,28
oakland,10362,29
oakland,12894,30
oakland,13446,31
oakland,11632,32
oakland,9083,33
oakland,7647,34
oakland,7833,35
oakland,10398,36
oakland,12705,37
oakland,13575,38
oakland,12246,39
oakland,9326,40
oakland,7513,41
oakland,8142,42
oakland,10565,43
oakland,13140,44
oakland,13728,45
oakland,11722,46
oakland,9015,47
oakland,7268,48
oakland,8043,49
oakland,10456,50
oakland,13696,51
oakland,13254,52
oakland,12104,53
oakland,8974,54
oakland,7199,55
oakland,7572,56
oakland,10755,57
oakland,13222,58
oakland,13920,59
oakland,11913,60
oakland,8882,61
oakland,7176,62
oakland,7978,63
oakland,9769,64
oakland,13294,65
oakland,14439,66
oakland,12015,67
oakland,8896,68
oakland,7145,69
oakland,8067,70
oakland,10339,71
oakland,13292,72
oakland,13591,73
oakland,12417,74
oakland,9538,75
oakland,7090,76
oakland,7810,77
oakland,10416,78
oakland,13006,79
oakland,13339,80
oakland,11504,81
oakland,9395,82
oakland,7553,83
oakland,8186,84
oakland,10400,85
oakland,13626,86
oakland,13641,87
oakland,12140,88
oakland,8535,89
oakland,7123,90
oklahoma city,10292,1
oklahoma city,12055,2
oklahoma city,13104,3
oklahoma city,11386,4
oklahoma city,9508,5
oklahoma city,9586,6
oklahoma city,8746,7
oklahoma city,10775,8
oklahoma city,12459,9
oklahoma city,13332,10
oklahoma city,11117,11
oklahoma city,10168,12
oklahoma city,8613,13
oklahoma city,9540,14
oklahoma city,10579,15
oklahoma city,13035,16
oklahoma city,12552,17
oklahoma city,10907,18
oklahoma city,9743,19
oklahoma city,8835,20
oklahoma city,9700,21
oklahoma city,10455,22
oklahoma city,12043,23
oklahoma city,13209,24
oklahoma city,11291,25
oklahoma city,9959,26
oklahoma city,8872,27
oklahoma city,9395,28
oklahoma city,10634,29
oklahoma city,12153,30
oklahoma city,12989,31
oklahoma city,11460,32
oklahoma city,9542,33
oklahoma city,9361,34
oklahoma city,9490,35
oklahoma city,11523,36
oklahoma city,12757,37
oklahoma city,12423,38
oklahoma city,11810,39
oklahoma city,9663,40
oklahoma city,8345,41
oklahoma city,9160,42
oklahoma city,11245,43
oklahoma city,12577,44
oklahoma city,12379,45
oklahoma city,11606,46
oklahoma city,9971,47
oklahoma city,8331,48
oklahoma city,9570,49
oklahoma city,10818,50
oklahoma city,11989,51
oklahoma city,12359,52
oklahoma city,12165,53
oklahoma city,9887,54
oklahoma city,9348,55
oklahoma city,9873,56
oklahoma city,11260,57
oklahoma city,12292,58
oklahoma city,11989,59
oklahoma city,11887,60
oklahoma city,10760,61
oklahoma city,8915,62
oklahoma city,8616,63
oklahoma city,10661,64
oklahoma city,12415,65
oklahoma city,12483,66
oklahoma city,10871,67
oklahoma city,9987,68
oklahoma city,8651,69
oklahoma city,9944,70
oklahoma city,10935,71
oklahoma city,12646,72
oklahoma city,12828,73
oklahoma city,11809,74
oklahoma city,9438,75
oklahoma city,8561,76
oklahoma city,9702,77
oklahoma city,10973,78
oklahoma city,12339,79
oklahoma city,13042,80
oklahoma city,11955,81
oklahoma city,10724,82
oklahoma city,8985,83
oklahoma city,8943,84
oklahoma city,10858,85
oklahoma city,12694,86
oklahoma city,13222,87
oklahoma city,11206,88
oklahoma city,10111,89
oklahoma city,8611,90
philadelphia,8297,1
philadelphia,11294,2
philadelphia,12845,3
philadelphia,9442,4
philadelphia,5110,5
philadelphia,2067,6
philadelphia,3361,7
philadelphia,7417,8
philadelphia,11615,9
philadelphia,12527,10
philadelphia,9378,11
philadelphia,5226,12
philadelphia,3113,13
philadelphia,4067,14
philadelphia,7792,15
philadelphia,11886,16
philadelphia,13357,17
philadelphia,10065,18
philadelphia,5624,19
philadelphia,2086,20
philadelphia,3234,21
philadelphia,7626,22
philadelphia,11385,23
philadelphia,12314,24
philadelphia,9569,25
philadelphia,4919,26
philadelphia,2350,27
philadelphia,3729,28
philadelphia,8250,29
philadelphia,11932,30
philadelphia,12871,31
philadelphia,9316,32
philadelphia,5445,33
philadelphia,2597,34
philadelphia,3713,35
philadelphia,7514,36
philadelphia,12227,37
philadelphia,12672,38
philadelphia,9921,39
philadelphia,4735,40
philadelphia,2584,41
philadelphia,4006,42
philadelphia,7826,43
philadelphia,10925,44
philadelphia,12501,45
philadelphia,10460,46
philadelphia,5353,47
philadelphia,2730,48
philadelphia,4166,49
philadelphia,7584,50
philadelphia,11930,51
philadelphia,12794,52
philadelphia,10083,53
philadelphia,5534,54
philadelphia,2433,55
philadelphia,3461,56
philadelphia,7346,57
philadelphia,11101,58
philadelphia,13078,59
philadelphia,9873,60
philadelphia,5811,61
philadelphia,3154,62
philadelphia,3632,63
philadelphia,7189,64
philadelphia,11593,65
philadelphia,12425,66
philadelphia,9195,67
philadelphia,5233,68
philadelphia,2596,69
philadelphia,3394,70
philadelphia,7374,71
philadelphia,11225,72
philadelphia,12721,73
philadelphia,10507,74
philadelphia,5840,75
philadelphia,2843,76
philadelphia,3844,77
philadelphia,7592,78
philadelphia,11045,79
philadelphia,12528,80
philadelphia,9539,81
philadelphia,5457,82
philadelphia,3041,83
philadelphia,4287,84
philadelphia,7659,85
philadelphia,11092,86
philadelphia,12675,87
philadelphia,9900,88
philadelphia,5636,89
philadelphia,2613,90
phoenix,5033,1
phoenix,9133,2
phoenix,10574,3
phoenix,7594,4
phoenix,2244,5
phoenix,0,6
phoenix,998,7
phoenix,5079,8
phoenix,9743,9
phoenix,10604,10
phoenix,8059,11
phoenix,2423,12
phoenix,0,13
phoenix,0,14
phoenix,5047,15
phoenix,9504,16
phoenix,11444,17
phoenix,8296,18
phoenix,2059,19
phoenix,0,20
phoenix,339,21
phoenix,4778,22
phoenix,9778,23
phoenix,10728,24
phoenix,7739,25
phoenix,2860,26
phoenix,0,27
phoenix,792,28
phoenix,4810,29
phoenix,10465,30
phoenix,11422,31
phoenix,7599,32
phoenix,2156,33
phoenix,0,34
phoenix,748,35
phoenix,5058,36
phoenix,10031,37
phoenix,11629,38
phoenix,7365,39
phoenix,2061,40
phoenix,0,41
phoenix,845,42
phoenix,4734,43
phoenix,9713,44
phoenix,11332,45
phoenix,7058,46
phoenix,2582,47
phoenix,0,48
phoenix,482,49
phoenix,5322,50
phoenix,9779,51
phoenix,10485,52
phoenix,7461,53
phoenix,3007,54
phoenix,0,55
phoenix,737,56
phoenix,5158,57
phoenix,9989,58
phoenix,10703,59
phoenix,7366,60
phoenix,2771,61
phoenix,0,62
phoenix,112,63
phoenix,4864,64
phoenix,9642,65
phoenix,11421,66
phoenix,7840,67
phoenix,2027,68
phoenix,0,69
phoenix,350,70
phoenix,4651,71
phoenix,9663,72
phoenix,10741,73
phoenix,7511,74
phoenix,2354,75
phoenix,0,76
phoenix,308,77
phoenix,5087,78
phoenix,9680,79
phoenix,10665,80
phoenix,7668,81
phoenix,2522,82
phoenix,0,83
phoenix,132,84
phoenix,4996,85
phoenix,9971,86
phoenix,10780,87
phoenix,7697,88
phoenix,2558,89
phoenix,0,90
portland,9426,1
portland,10577,2
portland,10327,3
portland,10211,4
portland,7644,5
portland,6421,6
portland,6492,7
portland,8841,8
portland,10905,9
portland,10479,10
portland,8039,11
portland,6503,12
portland,6288,13
portland,5641,14
portland,8017,15
portland,9389,16
portland,10421,17
portland,9340,18
portland,7313,19
portland,5039,20
portland,5523,21
portland,8806,22
portland,10580,23
portland,11219,24
portland,10568,25
portland,6515,26
portland,5366,27
portland,6386,28
portland,7437,29
portland,10504,30
portland,10879,31
portland,11566,32
portland,6999,33
portland,6330,34
portland,6609,35
portland,7209,36
portland,9083,37
portland,11058,38
portland,10352,39
portland,7149,40
portland,5468,41
portland,5718,42
portland,7075,43
portland,9553,44
portland,9565,45
portland,8466,46
portland,6499,47
portland,6025,48
portland,5590,49
portland,8337,50
portland,10429,51
portland,11260,52
portland,8520,53
portland,7765,54
portland,4281,55
portland,5588,56
portland,8116,57
portland,10928,58
portland,11963,59
portland,9961,60
portland,8050,61
portland,4743,62
portland,6897,63
portland,8947,64
portland,8406,65
portland,10685,66
portland,9828,67
portland,6507,68
portland,4538,69
portland,7635,70
portland,8222,71
portland,10431,72
portland,9815,73
portland,8858,74
portland,6202,75
portland,6267,76
portland,6349,77
portland,7677,78
portland,10768,79
portland,10658,80
portland,9534,81
portland,7103,82
portland,5741,83
portland,6185,84
portland,8469,85
portland,11324,86
portland,11373,87
portland,9078,88
portland,6841,89
portland,6388,90
sacramento,7230,1
sacramento,11547,2
sacramento,12486,3
sacramento,9709,4
sacramento,5319,5
sacramento,1924,6
sacramento,3320,7
sacramento,8225,8
sacramento,11353,9
sacramento,12602,10
sacramento,10198,11
sacramento,5894,12
sacramento,1538,13
sacramento,2359,14
sacramento,7500,15
sacramento,11719,16
sacramento,13185,17
sacramento,10151,18
sacramento,5112,19
sacramento,2709,20
sacramento,2880,21
sacramento,7608,22
sacramento,11151,23
sacramento,12805,24
sacramento,9124,25
sacramento,4559,26
sacramento,3047,27
sacramento,2296,28
sacramento,7389,29
sacramento,12195,30
sacramento,13962,31
sacramento,9961,32
sacramento,5249,33
sacramento,2193,34
sacramento,3768,35
sacramento,7721,36
sacramento,11478,37
sacramento,13397,38
sacramento,9635,39
sacramento,4312,40
sacramento,1358,41
sacramento,3125,42
sacramento,7553,43
sacramento,12260,44
sacramento,13154,45
sacramento,9912,46
sacramento,5646,47
sacramento,2180,48
sacramento,2569,49
sacramento,6729,50
sacramento,12425,51
sacramento,11680,52
sacramento,9768,53
sacramento,6653,54
sacramento,2408,55
sacramento,3122,56
sacramento,6639,57
sacramento,12598,58
sacramento,13447,59
sacramento,10221,60
sacramento,5129,61
sacramento,2465,62
sacramento,3152,63
sacramento,7003,64
sacramento,12261,65
sacramento,12801,66
sacramento,10137,67
sacramento,5067,68
sacramento,2409,69
sacramento,3221,70
sacramento,7453,71
sacramento,11787,72
sacramento,14340,73
sacramento,10281,74
sacramento,6451,75
sacramento,2169,76
sacramento,3070,77
sacramento,6951,78
sacramento,12591,79
sacramento,12364,80
sacramento,10795,81
sacramento,4610,82
sacramento,2626,83
sacramento,2415,84
sacramento,7274,85
sacramento,11783,86
sacramento,12522,87
sacramento,9784,88
sacramento,5045,89
sacramento,2585,90
san antonio,7560,1
san antonio,12489,2
san antonio,13056,3
san antonio,10259,4
san antonio,6977,5
san antonio,4904,6
san antonio,6227,7
san antonio,8839,8
san antonio,12448,9
san antonio,11393,10
san antonio,10384,11
san antonio,6901,12
san antonio,5287,13
san antonio,5878,14
san antonio,9603,15
san antonio,11184,16
san antonio,12950,17
san antonio,11144,18
san antonio,8503,19
san antonio,5166,20
san antonio,6342,21
san antonio,8206,22
san antonio,10898,23
san antonio,13379,24
san antonio,10841,25
san antonio,8139,26
san antonio,4687,27
san antonio,6446,28
san antonio,10179,29
san antonio,12408,30
san antonio,13074,31
san antonio,10849,32
san antonio,6662,33
san antonio,6152,34
san antonio,5839,35
san antonio,9446,36
san antonio,11343,37
san antonio,12292,38
san antonio,11615,39
san antonio,7319,40
san antonio,6205,41
san antonio,6125,42
san antonio,8186,43
san antonio,12662,44
san antonio,12609,45
san antonio,11219,46
san antonio,7519,47
san antonio,4596,48
san antonio,6256,49
san antonio,10354,50
san antonio,12447,51
san antonio,12895,52
san antonio,11422,53
san antonio,7619,54
san antonio,5537,55
san antonio,5581,56
san antonio,9301,57
san antonio,12739,58
san antonio,12477,59
san antonio,11609,60
san antonio,7457,61
san antonio,4948,62
san antonio,6703,63
san antonio,9021,64
san antonio,12591,65
san antonio,12769,66
san antonio,10812,67
san antonio,7771,68
san antonio,5581,69
san antonio,5096,70
san antonio,8573,71
san antonio,12682,72
san antonio,12855,73
san antonio,10563,74
san antonio,6776,75
san antonio,4845,76
san antonio,5082,77
san antonio,9121,78
san antonio,11861,79
san antonio,12406,80
san antonio,10808,81
san antonio,7701,82
san antonio,6548,83
san antonio,5355,84
san antonio,9798,85
san antonio,12705,86
san antonio,12507,87
san antonio,10953,88
san antonio,7260,89
san antonio,5524,90
san diego,8115,1
san diego,9219,2
san diego,11138,3
san diego,9793,4
san diego,6615,5
san diego,6106,6
san diego,7069,7
san diego,8828,8
san diego,9224,9
san diego,10495,10
san diego,9775,11
san diego,7455,12
san diego,6721,13
san diego,6660,14
san diego,9114,15
san diego,9665,16
san diego,9850,17
san diego,9462,18
san diego,6791,19
san diego,5274,20
san diego,7623,21
san diego,7954,22
san diego,9338,23
san diego,10052,24
san diego,8919,25
san diego,7583,26
san diego,5894,27
san diego,7264,28
san diego,8953,29
san diego,9373,30
san diego,10171,31
san diego,9123,32
san diego,7569,33
san diego,7228,34
san diego,7658,35
san diego,10089,36
san diego,8764,37
san diego,9983,38
san diego,10556,39
san diego,6566,40
san diego,7662,41
san diego,7049,42
san diego,8670,43
san diego,9371,44
san diego,10273,45
san diego,10515,46
san diego,7641,47
san diego,6292,48
san diego,7208,49
san diego,8439,50
san diego,10367,51
san diego,10029,52
san diego,9397,53
san diego,7277,54
san diego,5458,55
san diego,7254,56
san diego,7801,57
san diego,10054,58
san diego,11117,59
san diego,8526,60
san diego,8041,61
san diego,6380,62
san diego,6366,63
san diego,9797,64
san diego,10155,65
san diego,10202,66
san diego,8966,67
san diego,8210,68
san diego,6189,69
san diego,7423,70
san diego,8555,71
san diego,10839,72
san diego,9911,73
san diego,8890,74
san diego,7498,75
san diego,6443,76
san diego,6742,77
san diego,10170,78
san diego,11420,79
san diego,10733,80
san diego,9699,81
san diego,7525,82
san diego,5921,83
san diego,6847,84
san diego,9030,85
san diego,10955,86
san diego,11160,87
san diego,8518,88
san diego,7493,89
san diego,5664,90
san francisco,7681,1
san francisco,9264,2
san francisco,9277,3
san francisco,7557,4
san francisco,5324,5
san francisco,3351,6
san francisco,2723,7
san francisco,8009,8
san francisco,8837,9
san francisco,9565,10
san francisco,7690,11
san francisco,4724,12
san francisco,3592,13
san francisco,3096,14
san francisco,8183,15
san francisco,7810,16
san francisco,8508,17
san francisco,7408,18
san francisco,6219,19
san francisco,3740,20
san francisco,3365,21
san francisco,7427,22
san francisco,9262,23
san francisco,9669,24
san francisco,8262,25
san francisco,7036,26
san francisco,5344,27
san francisco,3771,28
san francisco,7700,29
san francisco,9005,30
san francisco,9640,31
san francisco,6483,32
san francisco,5141,33
san francisco,3129,34
san francisco,4890,35
san francisco,7292,36
san francisco,7189,37
san francisco,9254,38
san francisco,8562,39
san francisco,5129,40
san francisco,4268,41
san francisco,4538,42
san francisco,6752,43
san francisco,8521,44
san francisco,8372,45
san francisco,6904,46
san francisco,5791,47
san francisco,3744,48
san francisco,4176,49
san francisco,6187,50
san francisco,8496,51
san francisco,10044,52
san francisco,7485,53
san francisco,4276,54
san francisco,4279,55
san francisco,4127,56
san francisco,6523,57
san francisco,9910,58
san francisco,9256,59
san francisco,7947,60
san francisco,4396,61
san francisco,3567,62
san francisco,4728,63
san francisco,5351,64
san francisco,8870,65
san francisco,9345,66
san francisco,7764,67
san francisco,6033,68
san francisco,3976,69
san francisco,5370,70
san francisco,5766,71
san francisco,8822,72
san francisco,9333,73
san francisco,6943,74
san francisco,5974,75
san francisco,5447,76
san francisco,4265,77
san francisco,6873,78
san francisco,8784,79
san francisco,8743,80
san francisco,6388,81
san francisco,4745,82
san francisco,2701,83
san francisco,5537,84
san francisco,6415,85
san francisco,8466,86
san francisco,9928,87
san francisco,6904,88
san francisco,4700,89
san francisco,3780,90
san jose,8653,1
san jose,12072,2
san jose,11570,3
san jose,10094,4
san jose,7333,5
san jose,5551,6
san jose,6622,7
san jose,8351,8
san jose,10683,9
san jose,11962,10
san jose,9732,11
san jose,7425,12
san jose,5549,13
san jose,6299,14
san jose,8331,15
san jose,10713,16
san jose,11207,17
san jose,10407,18
san jose,7444,19
san jose,6183,20
san jose,6821,21
san jose,8439,22
san jose,11478,23
san jose,11612,24
san jose,9903,25
san jose,7987,26
san jose,5999,27
san jose,6128,28
san jose,8916,29
san jose,10398,30
san jose,11744,31
san jose,9228,32
san jose,6862,33
san jose,6015,34
san jose,4962,35
san jose,9577,36
san jose,11455,37
san jose,10694,38
san jose,11189,39
san jose,8703,40
san jose,5630,41
san jose,5839,42
san jose,9518,43
san jose,10862,44
san jose,11700,45
san jose,10595,46
san jose,7280,47
san jose,5600,48
san jose,5665,49
san jose,8353,50
san jose,10904,51
san jose,10996,52
san jose,9405,53
san jose,7374,54
san jose,4790,55
san jose,5863,56
san jose,9648,57
san jose,10861,58
san jose,11382,59
san jose,9806,60
san jose,7189,61
san jose,6010,62
san jose,6559,63
san jose,8473,64
san jose,10927,65
san jose,12279,66
san jose,9223,67
san jose,7329,68
san jose,5789,69
san jose,5914,70
san jose,8612,71
san jose,10576,72
san jose,11940,73
san jose,9309,74
san jose,7892,75
san jose,5684,76
san jose,6080,77
san jose,8165,78
san jose,11553,79
san jose,11291,80
san jose,9395,81
san jose,7886,82
san jose,5266,83
san jose,6257,84
san jose,9082,85
san jose,11114,86
san jose,12490,87
san jose,9563,88
san jose,7252,89
san jose,5654,90
seattle,13377,1
seattle,14884,2
seattle,16872,3
seattle,14118,4
seattle,9966,5
seattle,10440,6
seattle,11700,7
seattle,12361,8
seattle,14377,9
seattle,14979,10
seattle,13405,11
seattle,11503,12
seattle,10967,13
seattle,11869,14
seattle,11402,15
seattle,14766,16
seattle,15709,17
seattle,14222,18
seattle,13024,19
seattle,9101,20
seattle,9240,21
seattle,14269,22
seattle,15489,23
seattle,15151,24
seattle,14202,25
seattle,11965,26
seattle,10005,27
seattle,10985,28
seattle,13178,29
seattle,16296,30
seattle,16132,31
seattle,15204,32
seattle,10951,33
seattle,10164,34
seattle,11049,35
seattle,11723,36
seattle,15763,37
seattle,15926,38
seattle,13858,39
seattle,11692,40
seattle,11187,41
seattle,10386,42
seattle,13778,43
seattle,14847,44
seattle,15999,45
seattle,14148,46
seattle,13236,47
seattle,9819,48
seattle,10528,49
seattle,11989,50
seattle,14307,51
seattle,15972,52
seattle,15115,53
seattle,12338,54
seattle,10383,55
seattle,10323,56
seattle,13525,57
seattle,14402,58
seattle,14654,59
seattle,13895,60
seattle,10510,61
seattle,9503,62
seattle,12099,63
seattle,11950,64
seattle,14249,65
seattle,15562,66
seattle,14172,67
seattle,11660,68
seattle,9106,69
seattle,11436,70
seattle,12668,71
seattle,15788,72
seattle,15104,73
seattle,14720,74
seattle,12638,75
seattle,10088,76
seattle,11457,77
seattle,12102,78
seattle,15176,79
seattle,16297,80
seattle,14424,81
seattle,13347,82
seattle,10753,83
seattle,10661,84
seattle,14766,85
seattle,16052,86
seattle,14492,87
seattle,13591,88
seattle,11146,89
seattle,10799,90
tucson,15258,1
tucson,16736,2
tucson,16333,3
tucson,15551,4
tucson,11819,5
tucson,12984,6
tucson,11823,7
tucson,14129,8
tucson,17470,9
tucson,15870,10
tucson,14766,11
tucson,13608,12
tucson,12366,13
tucson,12412,14
tucson,14520,15
tucson,17636,16
tucson,17651,17
tucson,16103,18
tucson,14009,19
tucson,11717,20
tucson,14188,21
tucson,12726,22
tucson,17786,23
tucson,17861,24
tucson,15903,25
tucson,13459,26
tucson,11832,27
tucson,13342,28
tucson,14519,29
tucson,16057,30
tucson,17861,31
tucson,16960,32
tucson,11871,33
tucson,13819,34
tucson,11649,35
tucson,13791,36
tucson,15648,37
tucson,17148,38
tucson,14694,39
tucson,12479,40
tucson,11410,41
tucson,12579,42
tucson,14737,43
tucson,17615,44
tucson,18111,45
tucson,16517,46
tucson,13189,47
tucson,10498,48
tucson,10995,49
tucson,15356,50
tucson,17300,51
tucson,16659,52
tucson,14567,53
tucson,12567,54
tucson,12093,55
tucson,12609,56
tucson,15376,57
tucson,16277,58
tucson,16954,59
tucson,16597,60
tucson,11715,61
tucson,12206,62
tucson,12205,63
tucson,15115,64
tucson,17038,65
tucson,16596,66
tucson,15305,67
tucson,11575,68
tucson,12548,69
tucson,12659,70
tucson,15657,71
tucson,16317,72
tucson,17870,73
tucson,14860,74
tucson,11256,75
tucson,11880,76
tucson,12021,77
tucson,13720,78
tucson,17343,79
tucson,18103,80
tucson,15790,81
tucson,13251,82
tucson,12004,83
tucson,11953,84
tucson,14996,85
tucson,15415,86
tucson,16298,87
tucson,15081,88
tucson,13824,89
tucson,11715,90
washington,11403,1
washington,15893,2
washington,15915,3
washington,13271,4
washington,9316,5
washington,7742,6
washington,7961,7
washington,11467,8
washington,14916,9
washington,16363,10
washington,13849,11
washington,8861,12
washington,7162,13
washington,7664,14
washington,11470,15
washington,14737,16
washington,15896,17
washington,13010,18
washington,8859,19
washington,7009,20
washington,7563,21
washington,10812,22
washington,16258,23
washington,15536,24
washington,14064,25
washington,8661,26
washington,7048,27
washington,7615,28
washington,11145,29
washington,15274,30
washington,16126,31
washington,13118,32
washington,8968,33
washington,6039,34
washington,7891,35
washington,10835,36
washington,15178,37
washington,16389,38
washington,13625,39
washington,9035,40
washington,7273,41
washington,7537,42
washington,10795,43
washington,15035,44
washington,16386,45
washington,13186,46
washington,9831,47
washington,6438,48
washington,7424,49
washington,10938,50
washington,15516,51
washington,16068,52
washington,13035,53
washington,9198,54
washington,5295,55
washington,8126,56
washington,11373,57
washington,13980,58
washington,15371,59
washington,13312,60
washington,8741,61
washington,7216,62
washington,7948,63
washington,11637,64
washington,13882,65
washington,15834,66
washington,13175,67
washington,8920,68
washington,6615,69
washington,7180,70
washington,11565,71
washington,15557,72
washington,16433,73
washington,13453,74
washington,10388,75
washington,7388,76
washington,7689,77
washington,11218,78
washington,15841,79
washington,16596,80
washington,12821,81
washington,9934,82
washington,6745,83
washington,7312,84
washington,10474,85
washington,15043,86
washington,16089,87
washington,14310,88
washington,9870,89
washington,6532,90
